family,M1,M3,paired_difference
ATTGGAA,0.02632653686191346,0.02626878600967108,-5.775085224237961e-05
CAAATCT,0.05397745165731259,0.05385398964036513,-0.00012346201694746206
CACCGTA,0.009005136202474012,0.009204978016691668,0.00019984181421765605
CACGATG,-0.008448027337262631,-0.008658014321122053,-0.00020998698385942156
CTTGATC,0.0344656162363701,0.03435877362004957,-0.00010684261632053216
GAACCTC,0.04678455789822533,0.046696561702890126,-8.799619533520625e-05
GGTGAAG,0.03723503267097548,0.03722983778810888,-5.194882866599304e-06
GTTGCTT,0.029043619412660867,0.028935238154505813,-0.00010838125815505403
TCTCCTG,-0.023228548186156724,-0.023311034646479892,-8.248646032316814e-05
TTGAGGC,0.034057270819261784,0.033834432922066074,-0.00022283789719571012
TTGTAGC,0.0633704701389495,0.06308736530108874,-0.00028310483786075924
TTTTGGA,0.03570799268232765,0.035524553156263315,-0.0001834395260643315
