construct,dataset,family,split,rho,N_reference,n_retained,n_omitted,f_hat,f_reference,focal_q,compressed_residual_abs,compressed_residual_over_M,full_system_defect_abs,full_system_defect_over_M,full_reference_defect_abs,full_reference_defect_over_M
BIRM-ACAGCAAA-100nM,D2,CACGATG,test,0.001,1062,100,962,0.004451918014186019,0.004451992064329911,0.9996471461922469,2.1566082253343666e-14,2.6957602816679583e-16,0.0004345835896515382,5.432294870644228e-06,0.0,0.0
BIRM-ACAGCAAA-100nM,D2,CACGATG,test,0.01,1062,100,962,4.844798652018474,4.847497922410465,0.9999996756459223,1.4210854715202004e-14,1.7763568394002505e-17,0.1250410632915191,0.00015630132911439887,0.0,0.0
BIRM-ACAGCAAA-100nM,D2,CACGATG,test,0.1,1062,100,962,4422.681905048167,4422.86792066926,0.9999999996446883,0.0,0.0,0.20813878966237098,2.6017348707796374e-05,9.094947017729282e-13,1.1368683772161603e-16
BIRM-ACAGCAAA-100nM,D2,CACGATG,test,0.5,1062,100,962,35449.272578952936,35449.44281766867,0.999999999955671,3.183231456205249e-12,7.958078640513122e-17,0.17217799301579362,4.304449825394841e-06,0.0,0.0
BIRM-ACAGCAAA-100nM,D2,CACGATG,test,1.0,1062,100,962,75165.54961705372,75165.72781096809,0.9999999999790937,1.3642420526593924e-12,1.7053025658242403e-17,0.1790241073613288,2.23780134201661e-06,0.0,0.0
BIRM-ACAGCAAA-100nM,D2,CACGATG,test,10.0,1062,100,962,794522.1184563763,794522.5851137796,0.9999999999980222,1.8189894035458565e-11,2.2737367544323207e-17,0.46677874820306897,5.834734352538362e-07,0.0,0.0
BIRM-CAGGGCGG-100nM,D2,GGTGAAG,development,0.001,3760,100,3660,1.9439987831939666e-06,1.944019076096869e-06,0.9956807810785504,3.552713678800501e-15,4.4408920985006264e-17,0.0004016254573286915,5.020318216608643e-06,1.4210854715202004e-14,1.7763568394002506e-16
BIRM-CAGGGCGG-100nM,D2,GGTGAAG,development,0.01,3760,100,3660,0.001758109571320454,0.0017649776183823874,0.9999952034048939,0.0,0.0,0.9560121393028567,0.0011950151741285707,0.0,0.0
BIRM-CAGGGCGG-100nM,D2,GGTGAAG,development,0.1,3760,100,3660,8.094564587410286,8.10158694316369,0.9999999989581922,0.0,0.0,1.1813749683624337,0.0001476718710453042,9.094947017729282e-13,1.1368683772161603e-16
BIRM-CAGGGCGG-100nM,D2,GGTGAAG,development,0.5,3760,100,3660,22124.50435461867,22125.901531589443,0.9999999999996189,0.0,0.0,1.4405403570854105,3.6013508927135266e-05,0.0,0.0
BIRM-CAGGGCGG-100nM,D2,GGTGAAG,development,1.0,3760,100,3660,61550.63589969038,61553.39143353232,0.999999999999863,7.275957614183426e-12,9.094947017729283e-17,2.775337354687508,3.4691716933593855e-05,0.0,0.0
BIRM-CAGGGCGG-100nM,D2,GGTGAAG,development,10.0,3760,100,3660,780858.1097067888,780876.0593005324,0.9999999999999892,5.093170329928398e-11,6.366462912410497e-17,17.953227342804894,2.2441534178506117e-05,0.0,0.0
BIRM-GAAAGAGC-100nM,D2,CACCGTA,development,0.001,1251,100,1151,0.011250299353786592,0.011250475141104672,0.9999858475270336,3.4416913763379853e-15,4.302114220422482e-17,0.0005245151582613516,6.556439478266896e-06,0.0,0.0
BIRM-GAAAGAGC-100nM,D2,CACCGTA,development,0.01,1251,100,1151,14.578685638019934,14.58591023934743,0.9999999890784524,0.0,0.0,0.13057945700404616,0.0001632243212550577,1.1368683772161603e-13,1.4210854715202004e-16
BIRM-GAAAGAGC-100nM,D2,CACCGTA,development,0.1,1251,100,1151,4762.161577985444,4762.356580237389,0.9999999999665653,4.547473508864641e-13,5.684341886080802e-17,0.21758839495396387,2.7198549369245485e-05,0.0,0.0
BIRM-GAAAGAGC-100nM,D2,CACCGTA,development,0.5,1251,100,1151,35693.45082010462,35693.788399733225,0.9999999999955392,1.8189894035458565e-12,4.5474735088646414e-17,0.3420612810077728,8.55153202519432e-06,0.0,0.0
BIRM-GAAAGAGC-100nM,D2,CACCGTA,development,1.0,1251,100,1151,75364.52832084405,75364.9115509708,0.9999999999978872,6.366462912410498e-12,7.958078640513122e-17,0.38528655350091867,4.816081918761484e-06,0.0,0.0
BIRM-GAAAGAGC-100nM,D2,CACCGTA,development,10.0,1251,100,1151,794670.133142746,794670.5587629644,0.9999999999997996,2.000888343900442e-11,2.5011104298755527e-17,0.42572825716342777,5.321603214542848e-07,0.0,0.0
BIRM-GAAAGGAT-100nM,D2,TTGTAGC,development,0.001,2878,100,2778,0.0807793952057153,0.08078806435521882,0.860864018578798,7.827072323607354e-15,9.783840404509192e-17,0.0049548622333333014,6.193577791666627e-05,0.0,0.0
BIRM-GAAAGGAT-100nM,D2,TTGTAGC,development,0.01,2878,100,2778,38.690947866070495,38.75778293860827,0.9996626741649326,8.526512829121202e-14,1.0658141036401502e-16,0.4988471970914361,0.0006235589963642951,2.2737367544323206e-13,2.842170943040401e-16
BIRM-GAAAGGAT-100nM,D2,TTGTAGC,development,0.1,2878,100,2778,4740.518955671328,4741.308785382278,0.9999972459081922,0.0,0.0,0.930836494653704,0.000116354561831713,9.094947017729282e-13,1.1368683772161603e-16
BIRM-GAAAGGAT-100nM,D2,TTGTAGC,development,0.5,2878,100,2778,34774.04858548508,34774.61628593684,0.9999996245517561,2.2737367544323206e-12,5.684341886080802e-17,0.5863076969617396,1.4657692424043489e-05,0.0,0.0
BIRM-GAAAGGAT-100nM,D2,TTGTAGC,development,1.0,2878,100,2778,73862.18114243544,73862.67369114247,0.9999998232402854,3.637978807091713e-12,4.5474735088646414e-17,0.5011205057235202,6.264006321544002e-06,0.0,0.0
BIRM-GAAAGGAT-100nM,D2,TTGTAGC,development,10.0,2878,100,2778,790365.6651087558,790366.1017354494,0.9999999834812406,2.546585164964199e-11,3.1832314562052486e-17,0.4374791383743286,5.468489229679108e-07,0.0,0.0
BIRM-GAGCAGAT-100nM,D2,GTTGCTT,test,0.001,2784,100,2684,0.009352962716897287,0.009355449949087144,0.9563347126027733,1.554312234475219e-14,1.942890293094024e-16,0.009552902801956975,0.00011941128502446219,1.4210854715202004e-14,1.7763568394002506e-16
BIRM-GAGCAGAT-100nM,D2,GTTGCTT,test,0.01,2784,100,2684,1.7099580023723258,1.7120831436493515,0.9997503211734438,0.0,0.0,0.3331890665144783,0.0004164863331430979,0.0,0.0
BIRM-GAGCAGAT-100nM,D2,GTTGCTT,test,0.1,2784,100,2684,2180.258176778637,2180.4961161926362,0.999999804130147,0.0,0.0,0.3739147407541168,4.67393425942646e-05,0.0,0.0
BIRM-GAGCAGAT-100nM,D2,GTTGCTT,test,0.5,2784,100,2684,30992.039238962236,30992.53488154596,0.9999999862207541,1.8189894035458565e-12,4.5474735088646414e-17,0.5121736983492156,1.2804342458730388e-05,0.0,0.0
BIRM-GAGCAGAT-100nM,D2,GTTGCTT,test,1.0,2784,100,2684,70211.22611966377,70211.81743203243,0.999999993917683,3.637978807091713e-12,4.5474735088646414e-17,0.5986775972851319,7.483469966064149e-06,0.0,0.0
BIRM-GAGCAGAT-100nM,D2,GTTGCTT,test,10.0,2784,100,2684,788607.1298872563,788608.420047304,0.9999999994584795,2.1827872842550278e-11,2.7284841053187848e-17,1.2909392832079902,1.6136741040099878e-06,0.0,0.0
BIRM-GAGGTTCT-100nM,D2,CTTGATC,development,0.001,3033,100,2933,0.022674333791438895,0.02269020054016227,0.9999382740219992,7.993605777301127e-15,9.992007221626409e-17,0.024601143656624913,0.0003075142957078114,0.0,0.0
BIRM-GAGGTTCT-100nM,D2,CTTGATC,development,0.01,3033,100,2933,6.654613509359431,6.676911337858125,0.9999997896674947,2.842170943040401e-14,3.552713678800501e-17,0.95858232475166,0.0011982279059395752,0.0,0.0
BIRM-GAGGTTCT-100nM,D2,CTTGATC,development,0.1,3033,100,2933,3373.2056885100305,3373.7802580716334,0.9999999995850588,4.547473508864641e-13,5.684341886080802e-17,0.7418268717337924,9.272835896672405e-05,9.094947017729282e-13,1.1368683772161603e-16
BIRM-GAGGTTCT-100nM,D2,CTTGATC,development,0.5,3033,100,2933,32918.778886400505,32919.403128935606,0.9999999999574807,9.094947017729282e-13,2.2737367544323207e-17,0.6457812054140959,1.61445301353524e-05,0.0,0.0
BIRM-GAGGTTCT-100nM,D2,CTTGATC,development,1.0,3033,100,2933,72017.20895958404,72017.78624621274,0.9999999999805647,9.094947017729282e-13,1.1368683772161604e-17,0.5866593188839033,7.333241486048792e-06,0.0,0.0
BIRM-GAGGTTCT-100nM,D2,CTTGATC,development,10.0,3033,100,2933,789204.0415229192,789204.718268822,0.9999999999982265,3.2741809263825417e-11,4.0927261579781773e-17,0.6776850633323193,8.471063291653991e-07,0.0,0.0
BIRM-GCACATGG-100nM,D2,GAACCTC,test,0.001,2914,100,2814,0.00027635423277872493,0.000276362809550583,0.9999979651251966,1.1934897514720433e-15,1.491862189340054e-17,0.0009341857448532664,1.167732181066583e-05,1.4210854715202004e-14,1.7763568394002506e-16
BIRM-GCACATGG-100nM,D2,GAACCTC,test,0.01,2914,100,2814,0.3912083123602721,0.3926439237198791,0.9999999985625372,8.526512829121202e-14,1.0658141036401502e-16,0.8947684203440076,0.0011184605254300096,0.0,0.0
BIRM-GCACATGG-100nM,D2,GAACCTC,test,0.1,2914,100,2814,1895.6784412734057,1896.2002619750206,0.9999999999997033,9.094947017729282e-13,1.1368683772161603e-16,0.7967270337048831,9.959087921311038e-05,0.0,0.0
BIRM-GCACATGG-100nM,D2,GAACCTC,test,0.5,2914,100,2814,30903.90939977911,30904.403372779503,0.9999999999999818,9.094947017729282e-13,2.2737367544323207e-17,0.5123097805626458,1.2807744514066144e-05,0.0,0.0
BIRM-GCACATGG-100nM,D2,GAACCTC,test,1.0,2914,100,2814,69958.83394550777,69959.36324163624,0.9999999999999919,3.637978807091713e-12,4.5474735088646414e-17,0.538051554816775,6.725644435209688e-06,0.0,0.0
BIRM-GCACATGG-100nM,D2,GAACCTC,test,10.0,2914,100,2814,787442.8942207553,787443.5990875429,0.9999999999999992,3.2741809263825417e-11,4.0927261579781773e-17,0.7056086373049766,8.820107966312207e-07,0.0,0.0
BIRM-GCAGAGAG-100nM,D2,CAAATCT,test,0.001,3964,100,3864,4.3194910858433377e-05,4.319514090756567e-05,0.9990576608357798,4.996003610813204e-16,6.245004513516506e-18,0.00017486128042776272,2.185766005347034e-06,0.0,0.0
BIRM-GCAGAGAG-100nM,D2,CAAATCT,test,0.01,3964,100,3864,0.17007101472899164,0.17126124991835523,0.9999997604374861,2.842170943040401e-14,3.552713678800501e-17,1.5980760564718821,0.0019975950705898526,0.0,0.0
BIRM-GCAGAGAG-100nM,D2,CAAATCT,test,0.1,3964,100,3864,1111.6707345837176,1112.392883781738,0.9999999999633501,0.0,0.0,1.4764587103436497,0.00018455733879295622,0.0,0.0
BIRM-GCAGAGAG-100nM,D2,CAAATCT,test,0.5,3964,100,3864,28856.00969657672,28856.850070632834,0.9999999999985881,0.0,0.0,0.8821809538785601,2.2054523846964002e-05,0.0,0.0
BIRM-GCAGAGAG-100nM,D2,CAAATCT,test,1.0,3964,100,3864,67626.45789113655,67627.27208892671,0.9999999999993975,3.637978807091713e-12,4.5474735088646414e-17,0.831620828670566,1.0395260358382075e-05,0.0,0.0
BIRM-GCAGAGAG-100nM,D2,CAAATCT,test,10.0,3964,100,3864,784093.9792535579,784095.0943967548,0.999999999999948,1.2732925824820995e-11,1.5916157281026243e-17,1.1171762177255005,1.3964702721568756e-06,0.0,0.0
BIRM-GGAAAGAC-100nM,D2,TTTTGGA,test,0.001,4711,100,4611,0.009598073659289571,0.009598466469488837,0.9999077235561425,4.3298697960381105e-15,5.412337245047638e-17,0.001547072589914933,1.933840737393666e-05,0.0,0.0
BIRM-GGAAAGAC-100nM,D2,TTTTGGA,test,0.01,4711,100,4611,2.2603322280055913,2.267923158536945,0.9999996081295122,2.842170943040401e-14,3.552713678800501e-17,0.9980727219588061,0.0012475909024485077,1.1368683772161603e-13,1.4210854715202004e-16
BIRM-GGAAAGAC-100nM,D2,TTTTGGA,test,0.1,4711,100,4611,1868.4353490317085,1869.202168344918,0.9999999995259361,0.0,0.0,1.3599069833380781,0.00016998837291725978,0.0,0.0
BIRM-GGAAAGAC-100nM,D2,TTTTGGA,test,0.5,4711,100,4611,28682.88063864265,28683.787022855213,0.9999999999691189,0.0,0.0,0.9779110749223037,2.444777687305759e-05,0.0,0.0
BIRM-GGAAAGAC-100nM,D2,TTTTGGA,test,1.0,4711,100,4611,66738.32841144371,66739.2130568035,0.9999999999867278,1.8189894035458565e-12,2.2737367544323207e-17,0.9153623650927329,1.1442029563659162e-05,0.0,0.0
BIRM-GGAAAGAC-100nM,D2,TTTTGGA,test,10.0,4711,100,4611,781579.8392571927,781580.8644096587,0.9999999999988667,3.637978807091713e-11,4.5474735088646414e-17,1.0274230306968093,1.2842787883710117e-06,0.0,0.0
BIRM-GGCCTTAG-100nM,D2,TCTCCTG,development,0.001,4882,100,4782,4.6692483954653613e-07,4.6698061211289336e-07,0.9876676744338352,1.4765966227514582e-14,1.8457457784393228e-16,0.005624323661294284,7.030404576617855e-05,1.4210854715202004e-14,1.7763568394002506e-16
BIRM-GGCCTTAG-100nM,D2,TCTCCTG,development,0.01,4882,100,4782,0.0001589210031484303,0.00016041754708835332,0.9999633153914117,0.0,0.0,2.270064136666747,0.0028375801708334335,1.1368683772161603e-13,1.4210854715202004e-16
BIRM-GGCCTTAG-100nM,D2,TCTCCTG,development,0.1,4882,100,4782,0.27506974260407907,0.27529339654008245,0.9999999788047623,0.0,0.0,1.3275616781529607,0.0001659452097691201,0.0,0.0
BIRM-GGCCTTAG-100nM,D2,TCTCCTG,development,0.5,4882,100,4782,17306.960936068514,17310.399545330263,0.999999999999663,0.0,0.0,3.5619999219634337,8.904999804908585e-05,7.275957614183426e-12,1.8189894035458566e-16
BIRM-GGCCTTAG-100nM,D2,TCTCCTG,development,1.0,4882,100,4782,56705.757750346456,56710.451144858,0.9999999999998972,3.637978807091713e-12,4.5474735088646414e-17,4.726921640831279,5.9086520510390984e-05,0.0,0.0
BIRM-GGCCTTAG-100nM,D2,TCTCCTG,development,10.0,4882,100,4782,775979.9365169246,775993.6167628282,0.9999999999999925,7.275957614183426e-12,9.094947017729283e-18,13.68339446221944,1.71042430777743e-05,0.0,0.0
BIRM-GGCCTTAG-50nM,D2,TCTCCTG,development,0.001,4882,100,4782,4.6692483954653613e-07,4.6698061211289336e-07,0.9876676744338352,1.4765966227514582e-14,1.8457457784393228e-16,0.005624323661294284,7.030404576617855e-05,1.4210854715202004e-14,1.7763568394002506e-16
BIRM-GGCCTTAG-50nM,D2,TCTCCTG,development,0.01,4882,100,4782,0.0001589210031484303,0.00016041754708835332,0.9999633153914117,0.0,0.0,2.270064136666747,0.0028375801708334335,1.1368683772161603e-13,1.4210854715202004e-16
BIRM-GGCCTTAG-50nM,D2,TCTCCTG,development,0.1,4882,100,4782,0.27506974260407907,0.27529339654008245,0.9999999788047623,0.0,0.0,1.3275616781529607,0.0001659452097691201,0.0,0.0
BIRM-GGCCTTAG-50nM,D2,TCTCCTG,development,0.5,4882,100,4782,17306.960936068514,17310.399545330263,0.999999999999663,0.0,0.0,3.5619999219634337,8.904999804908585e-05,7.275957614183426e-12,1.8189894035458566e-16
BIRM-GGCCTTAG-50nM,D2,TCTCCTG,development,1.0,4882,100,4782,56705.757750346456,56710.451144858,0.9999999999998972,3.637978807091713e-12,4.5474735088646414e-17,4.726921640831279,5.9086520510390984e-05,0.0,0.0
BIRM-GGCCTTAG-50nM,D2,TCTCCTG,development,10.0,4882,100,4782,775979.9365169246,775993.6167628282,0.9999999999999925,7.275957614183426e-12,9.094947017729283e-18,13.68339446221944,1.71042430777743e-05,0.0,0.0
BIRM-GTATGACA-100nM,D2,TTGAGGC,test,0.001,3632,100,3532,1.5157050828892282e-05,1.515747764812184e-05,0.7762375562443065,6.38378239159465e-15,7.979727989493313e-17,0.0007304539306431934,9.130674133039917e-06,0.0,0.0
BIRM-GTATGACA-100nM,D2,TTGAGGC,test,0.01,3632,100,3532,0.017169630780347427,0.01720992087269732,0.9997455890539835,2.842170943040401e-14,3.552713678800501e-17,0.7212626530506441,0.0009015783163133051,1.1368683772161603e-13,1.4210854715202004e-16
BIRM-GTATGACA-100nM,D2,TTGAGGC,test,0.1,3632,100,3532,110.1467671693451,110.21454186447404,0.9999999603324407,0.0,0.0,0.7899555957810662,9.874444947263328e-05,0.0,0.0
BIRM-GTATGACA-100nM,D2,TTGAGGC,test,0.5,3632,100,3532,25887.506656507052,25888.525266864584,0.9999999998312216,1.8189894035458565e-12,4.5474735088646414e-17,1.054058553338109,2.6351463833452728e-05,0.0,0.0
BIRM-GTATGACA-100nM,D2,TTGAGGC,test,1.0,3632,100,3532,65123.517668725515,65124.73949688155,0.9999999999329081,3.637978807091713e-12,4.5474735088646414e-17,1.235913834272651,1.544892292840814e-05,0.0,0.0
BIRM-GTATGACA-100nM,D2,TTGAGGC,test,10.0,3632,100,3532,783795.4271360617,783799.3809252151,0.9999999999944255,4.18367562815547e-11,5.2295945351943375e-17,3.95553917507641,4.944423968845513e-06,0.0,0.0
BIRM-GTATGACA-50nM,D2,TTGAGGC,test,0.001,3632,100,3532,1.5157050828892282e-05,1.515747764812184e-05,0.7762375562443065,6.38378239159465e-15,7.979727989493313e-17,0.0007304539306431934,9.130674133039917e-06,0.0,0.0
BIRM-GTATGACA-50nM,D2,TTGAGGC,test,0.01,3632,100,3532,0.017169630780347427,0.01720992087269732,0.9997455890539835,2.842170943040401e-14,3.552713678800501e-17,0.7212626530506441,0.0009015783163133051,1.1368683772161603e-13,1.4210854715202004e-16
BIRM-GTATGACA-50nM,D2,TTGAGGC,test,0.1,3632,100,3532,110.1467671693451,110.21454186447404,0.9999999603324407,0.0,0.0,0.7899555957810662,9.874444947263328e-05,0.0,0.0
BIRM-GTATGACA-50nM,D2,TTGAGGC,test,0.5,3632,100,3532,25887.506656507052,25888.525266864584,0.9999999998312216,1.8189894035458565e-12,4.5474735088646414e-17,1.054058553338109,2.6351463833452728e-05,0.0,0.0
BIRM-GTATGACA-50nM,D2,TTGAGGC,test,1.0,3632,100,3532,65123.517668725515,65124.73949688155,0.9999999999329081,3.637978807091713e-12,4.5474735088646414e-17,1.235913834272651,1.544892292840814e-05,0.0,0.0
BIRM-GTATGACA-50nM,D2,TTGAGGC,test,10.0,3632,100,3532,783795.4271360617,783799.3809252151,0.9999999999944255,4.18367562815547e-11,5.2295945351943375e-17,3.95553917507641,4.944423968845513e-06,0.0,0.0
BIRM-TGGTTTAC-100nM,D2,ATTGGAA,development,0.001,2835,100,2735,0.7672714044898785,0.7678925127655196,0.9855615988474631,1.7763568394002505e-15,2.2204460492503132e-17,0.03594807225090335,0.0004493509031362919,0.0,0.0
BIRM-TGGTTTAC-100nM,D2,ATTGGAA,development,0.01,2835,100,2735,56.30118325434845,56.348678564783484,0.9998003909980165,5.684341886080802e-14,7.105427357601002e-17,0.3040781404856716,0.0003800976756070895,0.0,0.0
BIRM-TGGTTTAC-100nM,D2,ATTGGAA,development,0.1,2835,100,2735,4545.685141086534,4546.115023109132,0.9999975272288876,0.0,0.0,0.5286178638871206,6.607723298589007e-05,0.0,0.0
BIRM-TGGTTTAC-100nM,D2,ATTGGAA,development,0.5,2835,100,2735,34185.69474661236,34186.08958527801,0.9999996711939573,1.8189894035458565e-12,4.5474735088646414e-17,0.4088341699098237,1.0220854247745592e-05,0.0,0.0
BIRM-TGGTTTAC-100nM,D2,ATTGGAA,development,1.0,2835,100,2735,73275.21166950867,73275.570808387,0.9999998465993517,6.366462912410498e-12,7.958078640513122e-17,0.3648840451351134,4.561050564188917e-06,0.0,0.0
BIRM-TGGTTTAC-100nM,D2,ATTGGAA,development,10.0,2835,100,2735,790738.5692787159,790739.2487651898,0.999999985784851,2.9103830456733704e-11,3.637978807091713e-17,0.6802791238296777,8.503489047870971e-07,0.0,0.0
BIRM-TGGTTTAC-50nM,D2,ATTGGAA,development,0.001,2835,100,2735,0.7672714044898785,0.7678925127655196,0.9855615988474631,1.7763568394002505e-15,2.2204460492503132e-17,0.03594807225090335,0.0004493509031362919,0.0,0.0
BIRM-TGGTTTAC-50nM,D2,ATTGGAA,development,0.01,2835,100,2735,56.30118325434845,56.348678564783484,0.9998003909980165,5.684341886080802e-14,7.105427357601002e-17,0.3040781404856716,0.0003800976756070895,0.0,0.0
BIRM-TGGTTTAC-50nM,D2,ATTGGAA,development,0.1,2835,100,2735,4545.685141086534,4546.115023109132,0.9999975272288876,0.0,0.0,0.5286178638871206,6.607723298589007e-05,0.0,0.0
BIRM-TGGTTTAC-50nM,D2,ATTGGAA,development,0.5,2835,100,2735,34185.69474661236,34186.08958527801,0.9999996711939573,1.8189894035458565e-12,4.5474735088646414e-17,0.4088341699098237,1.0220854247745592e-05,0.0,0.0
BIRM-TGGTTTAC-50nM,D2,ATTGGAA,development,1.0,2835,100,2735,73275.21166950867,73275.570808387,0.9999998465993517,6.366462912410498e-12,7.958078640513122e-17,0.3648840451351134,4.561050564188917e-06,0.0,0.0
BIRM-TGGTTTAC-50nM,D2,ATTGGAA,development,10.0,2835,100,2735,790738.5692787159,790739.2487651898,0.999999985784851,2.9103830456733704e-11,3.637978807091713e-17,0.6802791238296777,8.503489047870971e-07,0.0,0.0
MAPK14-193_parent,D1,MAPK14,development,0.001,951,100,851,0.00012587091142482476,0.00012587095680657496,0.9991219489964018,1.7763568394002505e-15,2.2204460492503132e-17,1.824168390385239e-05,2.2802104879815487e-07,1.4210854715202004e-14,1.7763568394002506e-16
MAPK14-193_parent,D1,MAPK14,development,0.01,951,100,851,0.12250282946230542,0.1225509762433134,0.9999990970158883,5.684341886080802e-14,7.105427357601002e-17,0.06593549975650603,8.241937469563254e-05,1.1368683772161603e-13,1.4210854715202004e-16
MAPK14-193_parent,D1,MAPK14,development,0.1,951,100,851,4042.163288652411,4042.307580216997,0.9999999999726339,0.0,0.0,0.1555634857777477,1.9445435722218462e-05,0.0,0.0
MAPK14-193_parent,D1,MAPK14,development,0.5,951,100,851,35379.23802633052,35379.426536132516,0.9999999999968734,4.547473508864641e-13,1.1368683772161604e-17,0.19001195329474285,4.750298832368571e-06,0.0,0.0
MAPK14-193_parent,D1,MAPK14,development,1.0,951,100,851,75179.66773985053,75179.87621860688,0.9999999999985285,0.0,0.0,0.20915916448575445,2.6144895560719304e-06,0.0,0.0
MAPK14-193_parent,D1,MAPK14,development,10.0,951,100,851,794777.6595347198,794778.1078042748,0.9999999999998609,1.6370904631912708e-11,2.0463630789890887e-17,0.4483253419166431,5.604066773958038e-07,0.0,0.0
MAPK14-193_pos01mut,D1,MAPK14,development,0.001,951,100,851,0.00010950973210829556,0.00010950974926316224,0.9997655281413076,2.4202861936828413e-14,3.0253577421035517e-16,7.407580540075287e-06,9.259475675094109e-08,0.0,0.0
MAPK14-193_pos01mut,D1,MAPK14,development,0.01,951,100,851,0.0794914893847798,0.07951601046569014,0.9999996769092608,2.1316282072803006e-13,2.6645352591003756e-16,0.059718796440165534,7.464849555020692e-05,1.1368683772161603e-13,1.4210854715202004e-16
MAPK14-193_pos01mut,D1,MAPK14,development,0.1,951,100,851,4013.837055666001,4014.1442062854494,0.9999999999936015,0.0,0.0,0.3357496802145761,4.196871002682201e-05,0.0,0.0
MAPK14-193_pos01mut,D1,MAPK14,development,0.5,951,100,851,35264.25875571029,35264.52285874967,0.9999999999992717,3.183231456205249e-12,7.958078640513122e-17,0.26621634578623343,6.655408644655836e-06,0.0,0.0
MAPK14-193_pos01mut,D1,MAPK14,development,1.0,951,100,851,75075.07033170383,75075.3294596028,0.9999999999996579,2.2737367544323206e-12,2.842170943040401e-17,0.25988260508165695,3.2485325635207118e-06,0.0,0.0
MAPK14-193_pos01mut,D1,MAPK14,development,10.0,951,100,851,794747.5331346494,794747.8193974316,0.9999999999999676,9.094947017729282e-12,1.1368683772161604e-17,0.2862912933342159,3.5786411666776986e-07,0.0,0.0
MAPK14-193_pos02mut,D1,MAPK14,development,0.001,744,100,644,0.0001437658962469662,0.00014376602881877287,0.9980475182872037,1.1379786002407855e-15,1.4224732503009817e-17,3.3196144698877106e-05,4.1495180873596383e-07,0.0,0.0
MAPK14-193_pos02mut,D1,MAPK14,development,0.01,744,100,644,0.20305053969200723,0.20312256395001985,0.9999986148816519,1.7053025658242404e-13,2.1316282072803005e-16,0.06413102335807253,8.016377919759066e-05,1.1368683772161603e-13,1.4210854715202004e-16
MAPK14-193_pos02mut,D1,MAPK14,development,0.1,744,100,644,4736.859014287674,4736.929508257663,0.9999999999406254,9.094947017729282e-13,1.1368683772161603e-16,0.07374109121155925,9.217636401444906e-06,0.0,0.0
MAPK14-193_pos02mut,D1,MAPK14,development,0.5,744,100,644,36393.46079658084,36393.63661407391,0.999999999992272,3.637978807091713e-12,9.094947017729283e-17,0.17642706457991153,4.410676614497789e-06,0.0,0.0
MAPK14-193_pos02mut,D1,MAPK14,development,1.0,744,100,644,76306.05599123903,76306.32137095614,0.9999999999963143,4.547473508864641e-13,5.684341886080802e-18,0.26576648945047054,3.3220811181308817e-06,0.0,0.0
MAPK14-193_pos02mut,D1,MAPK14,development,10.0,744,100,644,796082.661421448,796083.1536750062,0.9999999999996467,3.1377567211166024e-11,3.922195901395753e-17,0.4922997740795836,6.153747175994795e-07,0.0,0.0
MAPK14-193_pos03mut,D1,MAPK14,development,0.001,718,100,618,0.013015039680408824,0.013015048757182839,0.9986427323365341,2.3037127760972e-15,2.8796409701215e-17,1.8971730952443977e-05,2.3714663690554972e-07,0.0,0.0
MAPK14-193_pos03mut,D1,MAPK14,development,0.01,718,100,618,37.98791776651404,37.99386650327031,0.9999995343547667,8.526512829121202e-14,1.0658141036401502e-16,0.04111970189467229,5.1399627368340363e-05,0.0,0.0
MAPK14-193_pos03mut,D1,MAPK14,development,0.1,718,100,618,5813.853284478229,5813.94677710313,0.9999999969574567,4.547473508864641e-13,5.684341886080802e-17,0.09951080917198851,1.2438851146498564e-05,0.0,0.0
MAPK14-193_pos03mut,D1,MAPK14,development,0.5,718,100,618,37070.198460924374,37070.30235920014,0.9999999995228269,4.547473508864641e-12,1.1368683772161603e-16,0.10500196226348635,2.6250490565871585e-06,0.0,0.0
MAPK14-193_pos03mut,D1,MAPK14,development,1.0,718,100,618,76799.54853949869,76799.6530348185,0.9999999997696745,1.8189894035458565e-12,2.2737367544323207e-17,0.10496648360276595,1.3120810450345743e-06,0.0,0.0
MAPK14-193_pos03mut,D1,MAPK14,development,10.0,718,100,618,796186.2472754597,796186.3684186775,0.9999999999777829,2.4556356947869062e-11,3.069544618483633e-17,0.12117114942520857,1.514639367815107e-07,0.0,0.0
MAPK14-193_pos04mut,D1,MAPK14,development,0.001,4919,100,4819,4.446197595516326e-05,4.455486898184184e-05,0.9998060374161003,4.440892098500626e-15,5.551115123125783e-17,0.09103828725473306,0.0011379785906841633,1.4210854715202004e-14,1.7763568394002506e-16
MAPK14-193_pos04mut,D1,MAPK14,development,0.01,4919,100,4819,0.002999635688480232,0.0030180687216667893,0.9999971244481385,1.1368683772161603e-13,1.4210854715202004e-16,2.2689311875486737,0.0028361639844358424,0.0,0.0
MAPK14-193_pos04mut,D1,MAPK14,development,0.1,4919,100,4819,3.543832415327544,3.54759033017523,0.9999999975660157,0.0,0.0,1.7451456446888187,0.00021814320558610233,0.0,0.0
MAPK14-193_pos04mut,D1,MAPK14,development,0.5,4919,100,4819,16411.0704581015,16412.945606135647,0.9999999999994744,0.0,0.0,2.0183338651331724,5.045834662832931e-05,0.0,0.0
MAPK14-193_pos04mut,D1,MAPK14,development,1.0,4919,100,4819,55073.86318658461,55076.246604881744,0.9999999999998435,3.637978807091713e-12,4.5474735088646414e-17,2.424680334966979,3.0308504187087237e-05,0.0,0.0
MAPK14-193_pos04mut,D1,MAPK14,development,10.0,4919,100,4819,773296.4248818764,773302.448645669,0.9999999999999889,5.820766091346741e-11,7.275957614183426e-17,6.027202895260416,7.53400361907552e-06,0.0,0.0
MAPK14-193_pos05mut,D1,MAPK14,development,0.001,3876,100,3776,1.927176597058434e-06,1.9271822671214477e-06,0.8958262022447919,3.885780586188048e-15,4.85722573273506e-17,0.00013719605465212226,1.7149506831515283e-06,0.0,0.0
MAPK14-193_pos05mut,D1,MAPK14,development,0.01,3876,100,3776,0.0013973881278735146,0.0014022169256543528,0.9998396497818516,7.105427357601002e-15,8.881784197001253e-18,0.8083895381572574,0.0010104869226965718,1.1368683772161603e-13,1.4210854715202004e-16
MAPK14-193_pos05mut,D1,MAPK14,development,0.1,3876,100,3776,31.415802399146646,31.44544602398757,0.9999999928664108,2.7284841053187847e-12,3.410605131648481e-16,1.1026862825101489,0.0001378357853137686,0.0,0.0
MAPK14-193_pos05mut,D1,MAPK14,development,0.5,3876,100,3776,23693.221043816382,23694.387721022453,0.9999999999905413,0.0,0.0,1.2178541019529803,3.0446352548824508e-05,0.0,0.0
MAPK14-193_pos05mut,D1,MAPK14,development,1.0,3876,100,3776,62747.118439137295,62748.49708045632,0.9999999999964284,0.0,0.0,1.3985858179803472,1.748232272475434e-05,0.0,0.0
MAPK14-193_pos05mut,D1,MAPK14,development,10.0,3876,100,3776,780832.08076126,780835.491711216,0.999999999999713,4.729372449219227e-11,5.911715561524033e-17,3.413479460636154,4.2668493257951925e-06,0.0,0.0
MAPK14-193_pos06mut,D1,MAPK14,development,0.001,582,100,482,0.029107242194285964,0.029107317083142188,0.9985859818936108,1.1254885912137524e-14,1.4068607390171905e-16,9.530630769916115e-05,1.1913288462395144e-06,0.0,0.0
MAPK14-193_pos06mut,D1,MAPK14,development,0.01,582,100,482,19.768356479145602,19.771146640272992,0.9999979150334322,1.4210854715202004e-14,1.7763568394002505e-17,0.0336687052644038,4.2085881580504745e-05,2.2737367544323206e-13,2.842170943040401e-16
MAPK14-193_pos06mut,D1,MAPK14,development,0.1,582,100,482,6071.208723897349,6071.24596362691,0.9999999932111627,1.1368683772161603e-13,1.4210854715202004e-17,0.038280664944977616,4.785083118122202e-06,0.0,0.0
MAPK14-193_pos06mut,D1,MAPK14,development,0.5,582,100,482,37783.44651259556,37783.48325477779,0.9999999989091399,2.5011104298755527e-12,6.252776074688882e-17,0.03687593223730801,9.218983059327002e-07,0.0,0.0
MAPK14-193_pos06mut,D1,MAPK14,development,1.0,582,100,482,77690.90832755808,77690.94635057804,0.9999999994694817,5.4569682106375694e-12,6.821210263296961e-17,0.038081631530076265,4.760203941259533e-07,0.0,0.0
MAPK14-193_pos06mut,D1,MAPK14,development,10.0,582,100,482,797452.5817454687,797452.6851135934,0.9999999999483148,4.433786671143025e-11,5.542233338928781e-17,0.10338008613325655,1.2922510766657068e-07,0.0,0.0
MAPK14-193_pos07mut,D1,MAPK14,development,0.001,753,100,653,0.00011936841801923923,0.0001193712968016067,0.9999465072076436,2.4868995751603507e-14,3.108624468950438e-16,0.0010168794587457342,1.2710993234321677e-05,1.4210854715202004e-14,1.7763568394002506e-16
MAPK14-193_pos07mut,D1,MAPK14,development,0.01,753,100,653,0.08356077566162681,0.08359485761315463,0.9999999235802798,0.0,0.0,0.07660319519970926,9.575399399963658e-05,0.0,0.0
MAPK14-193_pos07mut,D1,MAPK14,development,0.1,753,100,653,4406.941901992905,4407.148960607757,0.999999999998551,4.547473508864641e-13,5.684341886080802e-17,0.21458237458227813,2.6822796822784768e-05,0.0,0.0
MAPK14-193_pos07mut,D1,MAPK14,development,0.5,753,100,653,36180.54153759746,36180.722616619,0.9999999999998235,1.3642420526593924e-12,3.4106051316484806e-17,0.1814377596747363,4.535943991868407e-06,0.0,0.0
MAPK14-193_pos07mut,D1,MAPK14,development,1.0,753,100,653,76130.96699109796,76131.11075462923,0.9999999999999161,4.547473508864641e-12,5.684341886080802e-17,0.1438838926696917,1.7985486583711463e-06,0.0,0.0
MAPK14-193_pos07mut,D1,MAPK14,development,10.0,753,100,653,795958.9253061245,795959.2450659194,0.999999999999992,3.637978807091713e-11,4.5474735088646414e-17,0.31979309709277004,3.9974137136596255e-07,0.0,0.0
MAPK14-193_pos08mut,D1,MAPK14,development,0.001,951,100,851,0.0012259432232664407,0.0012259442915006189,0.9899796704702051,5.495603971894525e-15,6.869504964868156e-17,2.054259718420326e-05,2.5678246480254073e-07,0.0,0.0
MAPK14-193_pos08mut,D1,MAPK14,development,0.01,951,100,851,1.8649879144934962,1.8656474042688953,0.9999933465457709,1.4210854715202004e-13,1.7763568394002506e-16,0.08691120620437687,0.00010863900775547108,1.1368683772161603e-13,1.4210854715202004e-16
MAPK14-193_pos08mut,D1,MAPK14,development,0.1,951,100,851,4267.190324093923,4267.317619474355,0.9999999970920691,0.0,0.0,0.13910315908287885,1.7387894885359857e-05,0.0,0.0
MAPK14-193_pos08mut,D1,MAPK14,development,0.5,951,100,851,35531.581656460134,35531.75197915806,0.99999999965077,4.547473508864641e-13,1.1368683772161604e-17,0.17170958677888848,4.292739669472212e-06,0.0,0.0
MAPK14-193_pos08mut,D1,MAPK14,development,1.0,951,100,851,75333.31981042336,75333.4717305082,0.9999999998352828,9.094947017729282e-13,1.1368683772161604e-17,0.15239911949902307,1.9049889937377883e-06,0.0,0.0
MAPK14-193_pos08mut,D1,MAPK14,development,10.0,951,100,851,794947.2773972986,794947.4660681935,0.9999999999843905,1.2732925824820995e-11,1.5916157281026243e-17,0.18869601713959128,2.3587002142448908e-07,0.0,0.0
MAPK14-193_pos09mut,D1,MAPK14,development,0.001,951,100,851,5.73768319488551e-06,5.7376833018682e-06,0.7884849257703375,8.784639682346551e-15,1.0980799602933188e-16,7.990438319893656e-07,9.988047899867069e-09,0.0,0.0
MAPK14-193_pos09mut,D1,MAPK14,development,0.01,951,100,851,0.023688212948808293,0.023697749236230577,0.9999350283377618,8.526512829121202e-14,1.0658141036401502e-16,0.06558322439161657,8.197903048952071e-05,1.1368683772161603e-13,1.4210854715202004e-16
MAPK14-193_pos09mut,D1,MAPK14,development,0.1,951,100,851,3541.876388189491,3541.9916505197107,0.9999999995654387,0.0,0.0,0.1247639956918647,1.5595499461483086e-05,0.0,0.0
MAPK14-193_pos09mut,D1,MAPK14,development,0.5,951,100,851,35024.27488900627,35024.44557744873,0.9999999999560544,1.3642420526593924e-12,3.4106051316484806e-17,0.17151138596091187,4.2877846490227966e-06,0.0,0.0
MAPK14-193_pos09mut,D1,MAPK14,development,1.0,951,100,851,74906.59093046423,74906.83470065428,0.9999999999794523,1.6825651982799172e-11,2.1032064978498966e-16,0.2442281504481798,3.0528518806022476e-06,0.0,0.0
MAPK14-193_pos09mut,D1,MAPK14,development,10.0,951,100,851,794680.4958916979,794680.9744694441,0.9999999999980632,2.000888343900442e-11,2.5011104298755527e-17,0.4786098403856158,5.982623004820198e-07,0.0,0.0
MAPK14-193_pos10mut,D1,MAPK14,development,0.001,951,100,851,3.427170810493047e-06,3.427170852986627e-06,0.9997080618374583,8.984132882083884e-15,1.1230166102604854e-16,6.78391359087982e-07,8.479891988599774e-09,1.4210854715202004e-14,1.7763568394002506e-16
MAPK14-193_pos10mut,D1,MAPK14,development,0.01,951,100,851,0.02783614422674878,0.027850000034960208,0.9999999640462385,7.105427357601002e-14,8.881784197001253e-17,0.09474933205524394,0.00011843666506905492,0.0,0.0
MAPK14-193_pos10mut,D1,MAPK14,development,0.1,951,100,851,3689.2424207466256,3689.37552471456,0.9999999999997287,9.094947017729282e-13,1.1368683772161603e-16,0.14339780317368422,1.7924725396710527e-05,9.094947017729282e-13,1.1368683772161603e-16
MAPK14-193_pos10mut,D1,MAPK14,development,0.5,951,100,851,35126.667116307144,35126.89380283675,0.9999999999999715,3.637978807091713e-12,9.094947017729283e-17,0.22807941428618506,5.701985357154627e-06,0.0,0.0
MAPK14-193_pos10mut,D1,MAPK14,development,1.0,951,100,851,74974.38757810691,74974.68264304264,0.9999999999999866,9.094947017729282e-13,1.1368683772161604e-17,0.295788319024723,3.6973539878090376e-06,0.0,0.0
MAPK14-193_pos10mut,D1,MAPK14,development,10.0,951,100,851,794692.1435326802,794692.5904741079,0.9999999999999987,9.094947017729282e-13,1.1368683772161604e-18,0.4469760606298223,5.587200757872779e-07,0.0,0.0
MAPK14-193_pos11mut,D1,MAPK14,development,0.001,951,100,851,0.002079822796149144,0.0020798274546707835,0.9990435653397424,3.2585045772748344e-14,4.0731307215935433e-16,0.00011377181910177114,1.4221477387721392e-06,0.0,0.0
MAPK14-193_pos11mut,D1,MAPK14,development,0.01,951,100,851,0.35060628674192545,0.3506634944852649,0.9999943209584303,3.552713678800501e-14,4.4408920985006264e-17,0.032870541028501066,4.108817628562633e-05,1.1368683772161603e-13,1.4210854715202004e-16
MAPK14-193_pos11mut,D1,MAPK14,development,0.1,951,100,851,4219.701108679395,4219.821218414485,0.9999999995281376,4.547473508864641e-13,5.684341886080802e-17,0.1312545568416681,1.6406819605208512e-05,9.094947017729282e-13,1.1368683772161603e-16
MAPK14-193_pos11mut,D1,MAPK14,development,0.5,951,100,851,35455.75579338407,35455.86791155268,0.9999999999438423,1.8189894035458565e-12,4.5474735088646414e-17,0.11310202937602298,2.8275507344005746e-06,0.0,0.0
MAPK14-193_pos11mut,D1,MAPK14,development,1.0,951,100,851,75237.71402686674,75237.8412660422,0.9999999999735356,4.092726157978177e-12,5.115907697472721e-17,0.12769132606626954,1.5961415758283692e-06,0.0,0.0
MAPK14-193_pos11mut,D1,MAPK14,development,10.0,951,100,851,794803.8748459582,794804.043026272,0.9999999999974948,5.002220859751105e-12,6.252776074688882e-18,0.16820201510563493,2.1025251888204365e-07,0.0,0.0
MAPK14-193_pos12mut,D1,MAPK14,development,0.001,951,100,851,5.093307165890905e-05,5.093307497769583e-05,0.971336921520469,4.718447854656915e-16,5.898059818321144e-18,2.06923576229201e-06,2.5865447028650122e-08,0.0,0.0
MAPK14-193_pos12mut,D1,MAPK14,development,0.01,951,100,851,0.05912776493332108,0.059140904478128274,0.9999745814775406,4.973799150320701e-14,6.217248937900877e-17,0.04259088446781334,5.3238605584766674e-05,0.0,0.0
MAPK14-193_pos12mut,D1,MAPK14,development,0.1,951,100,851,3720.221949712801,3720.3766674747803,0.9999999995959976,9.094947017729282e-13,1.1368683772161603e-16,0.17029064148482576,2.128633018560322e-05,0.0,0.0
MAPK14-193_pos12mut,D1,MAPK14,development,0.5,951,100,851,35072.1566990335,35072.3808990115,0.9999999999571461,1.8189894035458565e-12,4.5474735088646414e-17,0.22551536438550102,5.637884109637526e-06,0.0,0.0
MAPK14-193_pos12mut,D1,MAPK14,development,1.0,951,100,851,74934.01891352428,74934.26028160285,0.9999999999799426,4.547473508864641e-13,5.684341886080802e-18,0.24188010276702698,3.0235012845878374e-06,0.0,0.0
MAPK14-193_pos12mut,D1,MAPK14,development,10.0,951,100,851,794699.6791894864,794700.0863683893,0.9999999999981088,5.047695594839752e-11,6.30961949354969e-17,0.4072055962169543,5.090069952711928e-07,0.0,0.0
MAPK14-193_pos13mut,D1,MAPK14,development,0.001,951,100,851,0.0002787714668931972,0.0002787714728645064,0.9902982458862334,1.3565537582138631e-15,1.695692197767329e-17,1.1154611740948894e-06,1.3943264676186118e-08,0.0,0.0
MAPK14-193_pos13mut,D1,MAPK14,development,0.01,951,100,851,0.338989215611754,0.33916444114971356,0.9999919435597029,5.3290705182007514e-14,6.661338147750939e-17,0.060666043698347494,7.583255462293437e-05,0.0,0.0
MAPK14-193_pos13mut,D1,MAPK14,development,0.1,951,100,851,4442.879819532245,4443.023561331046,0.9999999993852933,4.547473508864641e-13,5.684341886080802e-17,0.15517623582763918,1.93970294784549e-05,0.0,0.0
MAPK14-193_pos13mut,D1,MAPK14,development,0.5,951,100,851,35729.18821048146,35729.36100000729,0.999999999923562,1.8189894035458565e-12,4.5474735088646414e-17,0.17436482119956054,4.359120529989013e-06,0.0,0.0
MAPK14-193_pos13mut,D1,MAPK14,development,1.0,951,100,851,75495.22353775577,75495.40507916451,0.9999999999638245,6.366462912410498e-12,7.958078640513122e-17,0.18225616023119073,2.2782020028898843e-06,0.0,0.0
MAPK14-193_pos13mut,D1,MAPK14,development,10.0,951,100,851,794960.5066616775,794960.7693687069,0.9999999999965645,2.4101609596982598e-11,3.0127011996228247e-17,0.26275862636975944,3.2844828296219933e-07,0.0,0.0
MAPK14-193_pos14mut,D1,MAPK14,development,0.001,951,100,851,4.302101360939959e-05,4.302101912969596e-05,0.952842149458072,9.624245844719326e-15,1.2030307305899156e-16,4.164637928738557e-06,5.2057974109231966e-08,0.0,0.0
MAPK14-193_pos14mut,D1,MAPK14,development,0.01,951,100,851,0.08436152760782999,0.08439784475772635,0.9999747618054492,1.9895196601282805e-13,2.486899575160351e-16,0.08136289519302409,0.0001017036189912801,1.1368683772161603e-13,1.4210854715202004e-16
MAPK14-193_pos14mut,D1,MAPK14,development,0.1,951,100,851,3883.7563104061014,3883.972730029922,0.9999999994517714,9.094947017729282e-13,1.1368683772161603e-16,0.23638987610866025,2.954873451358253e-05,0.0,0.0
MAPK14-193_pos14mut,D1,MAPK14,development,0.5,951,100,851,35206.367627072534,35206.62762860161,0.9999999999395227,3.637978807091713e-12,9.094947017729283e-17,0.26192418995924527,6.548104748981132e-06,0.0,0.0
MAPK14-193_pos14mut,D1,MAPK14,development,1.0,951,100,851,75023.08467755573,75023.33140035739,0.9999999999716195,2.7284841053187847e-12,3.4106051316484806e-17,0.24745322197850328,3.093165274731291e-06,0.0,0.0
MAPK14-193_pos14mut,D1,MAPK14,development,10.0,951,100,851,794690.1248754166,794690.5234689056,0.9999999999973207,5.3660187404602766e-11,6.707523425575346e-17,0.398626497364603,4.982831217057537e-07,0.0,0.0
MAPK14-193_pos15mut,D1,MAPK14,development,0.001,951,100,851,0.0009665697785534135,0.0009665708502170697,0.9999027058878218,9.200973316580985e-15,1.150121664572623e-16,4.42829086182428e-05,5.53536357728035e-07,0.0,0.0
MAPK14-193_pos15mut,D1,MAPK14,development,0.01,951,100,851,0.9888582727491791,0.9893624807617711,0.999999904889616,1.1368683772161603e-13,1.4210854715202004e-16,0.11321026817950042,0.00014151283522437552,0.0,0.0
MAPK14-193_pos15mut,D1,MAPK14,development,0.1,951,100,851,4548.377020692428,4548.52508080273,0.9999999999793221,9.094947017729282e-13,1.1368683772161603e-16,0.15960838598221017,1.995104824777627e-05,9.094947017729282e-13,1.1368683772161603e-16
MAPK14-193_pos15mut,D1,MAPK14,development,0.5,951,100,851,35836.19081638202,35836.439608034394,0.9999999999973755,0.0,0.0,0.2510031021811301,6.275077554528252e-06,0.0,0.0
MAPK14-193_pos15mut,D1,MAPK14,development,1.0,951,100,851,75612.14671708619,75612.43526560027,0.9999999999987562,6.366462912410498e-12,7.958078640513122e-17,0.2896182958211284,3.6202286977641053e-06,0.0,0.0
MAPK14-193_pos15mut,D1,MAPK14,development,10.0,951,100,851,795072.8698471042,795073.1245545017,0.9999999999998817,1.7280399333685637e-11,2.1600499167107047e-17,0.2547680992865935,3.1846012410824184e-07,0.0,0.0
MAPK14-193_pos16mut,D1,MAPK14,development,0.001,951,100,851,7.703745712169056e-06,7.703746537955756e-06,0.7234150860991906,1.7295193055488767e-14,2.1618991319360958e-16,5.078075602682475e-06,6.347594503353093e-08,0.0,0.0
MAPK14-193_pos16mut,D1,MAPK14,development,0.01,951,100,851,0.01900114381708382,0.019008216204385062,0.9998450128095843,2.1316282072803006e-13,2.6645352591003756e-16,0.06895162528064702,8.618953160080878e-05,1.1368683772161603e-13,1.4210854715202004e-16
MAPK14-193_pos16mut,D1,MAPK14,development,0.1,951,100,851,3482.005799264269,3482.1592188924333,0.999999999154111,4.547473508864641e-13,5.684341886080802e-17,0.1660134994017426,2.0751687425217825e-05,0.0,0.0
MAPK14-193_pos16mut,D1,MAPK14,development,0.5,951,100,851,34958.248349589,34958.5613152541,0.9999999999157455,2.2737367544323206e-12,5.684341886080802e-17,0.3144582541863201,7.861456354658003e-06,0.0,0.0
MAPK14-193_pos16mut,D1,MAPK14,development,1.0,951,100,851,74845.25857861624,74845.64840225644,0.9999999999606469,2.7284841053187847e-12,3.4106051316484806e-17,0.3905022891849512,4.88127861481189e-06,0.0,0.0
MAPK14-193_pos16mut,D1,MAPK14,development,10.0,951,100,851,794653.9926240114,794655.4472518303,0.9999999999962934,4.8203219193965197e-11,6.025402399245649e-17,1.454700272763148,1.818375340953935e-06,0.0,0.0
MAPK14-193_pos17mut,D1,MAPK14,development,0.001,951,100,851,0.000319200903380393,0.00031920238646576617,0.9994472489061782,1.9484414082171497e-14,2.4355517602714373e-16,0.00014548459324714713,1.818557415589339e-06,0.0,0.0
MAPK14-193_pos17mut,D1,MAPK14,development,0.01,951,100,851,0.1518038400489257,0.15184405614914073,0.9999988370780099,5.684341886080802e-14,7.105427357601002e-17,0.0555742362142837,6.946779526785463e-05,1.1368683772161603e-13,1.4210854715202004e-16
MAPK14-193_pos17mut,D1,MAPK14,development,0.1,951,100,851,3813.631225445655,3813.725468963984,0.9999999999537091,0.0,0.0,0.1005502598345629,1.2568782479320361e-05,0.0,0.0
MAPK14-193_pos17mut,D1,MAPK14,development,0.5,951,100,851,35283.080052617996,35283.28093327746,0.9999999999949966,2.2737367544323206e-12,5.684341886080802e-17,0.20215670570905786,5.053917642726446e-06,0.0,0.0
MAPK14-193_pos17mut,D1,MAPK14,development,1.0,951,100,851,75119.95627877173,75120.25978012952,0.99999999999765,1.8189894035458565e-12,2.2737367544323207e-17,0.3043298790580593,3.8041234882257413e-06,0.0,0.0
MAPK14-193_pos17mut,D1,MAPK14,development,10.0,951,100,851,794766.5075236163,794766.9413584193,0.999999999999778,3.728928277269006e-11,4.661160346586257e-17,0.43388490146026015,5.423561268253252e-07,0.0,0.0
MAPK14-193_pos18mut,D1,MAPK14,development,0.001,951,100,851,0.000807376103729774,0.0008073774999655891,0.9994102392574207,2.9698465908722937e-15,3.712308238590367e-17,8.482844752677465e-05,1.060355594084683e-06,0.0,0.0
MAPK14-193_pos18mut,D1,MAPK14,development,0.01,951,100,851,0.3372175668010879,0.3372985223356056,0.9999985871464311,9.947598300641403e-14,1.2434497875801754e-16,0.049332848574977106,6.166606071872138e-05,1.1368683772161603e-13,1.4210854715202004e-16
MAPK14-193_pos18mut,D1,MAPK14,development,0.1,951,100,851,4236.374275756154,4236.503771728908,0.999999999887536,0.0,0.0,0.13998860944229818,1.7498576180287273e-05,0.0,0.0
MAPK14-193_pos18mut,D1,MAPK14,development,0.5,951,100,851,35543.7280760413,35543.89885696229,0.9999999999865957,3.637978807091713e-12,9.094947017729283e-17,0.17220225468918215,4.305056367229554e-06,0.0,0.0
MAPK14-193_pos18mut,D1,MAPK14,development,1.0,951,100,851,75334.77956688695,75334.9581648137,0.9999999999936756,5.4569682106375694e-12,6.821210263296961e-17,0.17921235207177233,2.240154400897154e-06,0.0,0.0
MAPK14-193_pos18mut,D1,MAPK14,development,10.0,951,100,851,794876.2384657251,794876.6041140613,0.9999999999994006,2.1827872842550278e-11,2.7284841053187848e-17,0.36570893065072596,4.5713616331340746e-07,0.0,0.0
MAPK14-193_pos19mut,D1,MAPK14,development,0.001,951,100,851,0.000159015500392756,0.00015901550332460572,0.9996366116979731,1.5931700403370996e-14,1.9914625504213745e-16,9.321915968030225e-07,1.1652394960037782e-08,0.0,0.0
MAPK14-193_pos19mut,D1,MAPK14,development,0.01,951,100,851,0.2188191626578545,0.2188881976158097,0.9999997358304341,1.5631940186722204e-13,1.9539925233402755e-16,0.05682154542682838,7.102693178353547e-05,0.0,0.0
MAPK14-193_pos19mut,D1,MAPK14,development,0.1,951,100,851,4144.672519162662,4144.790130089474,0.999999999986053,0.0,0.0,0.12680112062480475,1.5850140078100594e-05,0.0,0.0
MAPK14-193_pos19mut,D1,MAPK14,development,0.5,951,100,851,35490.98984231778,35491.14662972056,0.9999999999983712,0.0,0.0,0.1579994362546131,3.949985906365328e-06,0.0,0.0
MAPK14-193_pos19mut,D1,MAPK14,development,1.0,951,100,851,75295.8663343264,75296.04891680102,0.9999999999992324,3.637978807091713e-12,4.5474735088646414e-17,0.1831739479675889,2.2896743495948614e-06,0.0,0.0
MAPK14-193_pos19mut,D1,MAPK14,development,10.0,951,100,851,794853.2785194925,794853.8499255136,0.9999999999999272,6.366462912410498e-12,7.958078640513121e-18,0.5714971306733787,7.143714133417234e-07,0.0,0.0
PIK3CB-6338_parent,D1,PIK3CB,test,0.001,3468,100,3368,0.0010368816341782125,0.0010371309415816033,0.9997795199874706,3.1086244689504383e-15,3.8857805861880476e-17,0.008514745438034765,0.00010643431797543456,0.0,0.0
PIK3CB-6338_parent,D1,PIK3CB,test,0.01,3468,100,3368,0.20842482366223108,0.20895512936148888,0.99999890290496,0.0,0.0,0.7829344224094257,0.0009786680280117822,0.0,0.0
PIK3CB-6338_parent,D1,PIK3CB,test,0.1,3468,100,3368,329.86125957557675,329.9805859595234,0.9999999993067932,9.094947017729282e-13,1.1368683772161603e-16,0.7129455600552319,8.911819500690399e-05,0.0,0.0
PIK3CB-6338_parent,D1,PIK3CB,test,0.5,3468,100,3368,25707.616306021802,25708.445155339614,0.9999999999911053,1.8189894035458565e-12,4.5474735088646414e-17,0.8686690265167272,2.171672566291818e-05,0.0,0.0
PIK3CB-6338_parent,D1,PIK3CB,test,1.0,3468,100,3368,64640.25030725424,64641.30177006581,0.9999999999964626,5.4569682106375694e-12,6.821210263296961e-17,1.0689555270655546,1.3361944088319433e-05,0.0,0.0
PIK3CB-6338_parent,D1,PIK3CB,test,10.0,3468,100,3368,782577.0611431249,782578.9715607814,0.9999999999997078,2.000888343900442e-11,2.5011104298755527e-17,1.9118058745516464,2.389757343189558e-06,0.0,0.0
PIK3CB-6340_parent,D1,PIK3CB,test,0.001,2676,100,2576,0.0637987596610547,0.0638551553555671,0.9954846291908684,2.6645352591003757e-15,3.3306690738754695e-17,0.03120155141030523,0.00039001939262881533,0.0,0.0
PIK3CB-6340_parent,D1,PIK3CB,test,0.01,2676,100,2576,10.963338154562814,10.976077662554228,0.9999736052942461,5.684341886080802e-14,7.105427357601002e-17,0.4320817293963728,0.000540102161745466,0.0,0.0
PIK3CB-6340_parent,D1,PIK3CB,test,0.1,2676,100,2576,2898.0825285682095,2898.4319833541754,0.9999999001471866,0.0,0.0,0.4965261705656303,6.206577132070378e-05,0.0,0.0
PIK3CB-6340_parent,D1,PIK3CB,test,0.5,2676,100,2576,31795.34780186298,31795.794989557224,0.9999999908986145,2.7284841053187847e-12,6.821210263296961e-17,0.46477018980658613,1.1619254745164653e-05,0.0,0.0
PIK3CB-6340_parent,D1,PIK3CB,test,1.0,2676,100,2576,70846.56782516219,70847.06514118821,0.999999995915374,9.094947017729282e-13,1.1368683772161604e-17,0.505101899834699,6.313773747933737e-06,0.0,0.0
PIK3CB-6340_parent,D1,PIK3CB,test,10.0,2676,100,2576,788818.9208497801,788819.8260447705,0.9999999996331456,4.001776687800884e-11,5.0022208597511055e-17,0.9058721918845549,1.1323402398556935e-06,0.0,0.0
PLK1-319_parent,D1,PLK1,development,0.001,3186,100,3086,3.821212551654516e-06,3.821430069041097e-06,0.9999319898940562,4.996003610813204e-16,6.245004513516506e-18,0.0017238115427176126,2.1547644283970158e-05,0.0,0.0
PLK1-319_parent,D1,PLK1,development,0.01,3186,100,3086,0.001846175323990895,0.0018481337318260484,0.99999985922317,1.9895196601282805e-13,2.486899575160351e-16,0.37581072420368855,0.0004697634052546107,1.1368683772161603e-13,1.4210854715202004e-16
PLK1-319_parent,D1,PLK1,development,0.1,3186,100,3086,22.68550295802097,22.71240586410636,0.9999999999885434,0.0,0.0,1.2177529147038513,0.0001522191143379814,0.0,0.0
PLK1-319_parent,D1,PLK1,development,0.5,3186,100,3086,25915.96214109497,25917.198855852126,0.99999999999999,1.8189894035458565e-12,4.5474735088646414e-17,1.2664976580708753,3.166244145177188e-05,0.0,0.0
PLK1-319_parent,D1,PLK1,development,1.0,3186,100,3086,65389.42069345597,65390.7735662818,0.999999999999996,7.275957614183426e-12,9.094947017729283e-17,1.3635261795279803,1.7044077244099753e-05,0.0,0.0
PLK1-319_parent,D1,PLK1,development,10.0,3186,100,3086,784424.5907821779,784427.8720407822,0.9999999999999997,3.637978807091713e-12,4.5474735088646416e-18,3.2823796414304525,4.102974551788066e-06,0.0,0.0
PLK1-772_parent,D1,PLK1,development,0.001,717,100,617,0.00015315784671349468,0.0001531590323973952,0.9999295716153195,2.7755575615628914e-15,3.469446951953614e-17,0.0003002366348709984,3.75295793588748e-06,1.4210854715202004e-14,1.7763568394002506e-16
PLK1-772_parent,D1,PLK1,development,0.01,717,100,617,0.16092684981085234,0.16095735201569442,0.9999999329669426,9.947598300641403e-14,1.2434497875801754e-16,0.04167214046276513,5.209017557845641e-05,1.1368683772161603e-13,1.4210854715202004e-16
PLK1-772_parent,D1,PLK1,development,0.1,717,100,617,5248.510339233703,5248.729187314337,0.9999999999979446,1.1368683772161603e-12,1.4210854715202004e-16,0.22433295153223298,2.8041618941529124e-05,0.0,0.0
PLK1-772_parent,D1,PLK1,development,0.5,717,100,617,37002.63446137905,37003.29131145803,0.9999999999997083,1.5916157281026244e-12,3.979039320256561e-17,0.6588654141378356,1.647163535344589e-05,0.0,0.0
PLK1-772_parent,D1,PLK1,development,1.0,717,100,617,76927.19308007495,76928.04956720765,0.9999999999998598,2.7284841053187847e-12,3.4106051316484806e-17,0.8574969376059016,1.071871172007377e-05,0.0,0.0
PLK1-772_parent,D1,PLK1,development,10.0,717,100,617,796802.8134892439,796803.979277671,0.9999999999999865,5.184119800105691e-11,6.480149750132113e-17,1.165826148702763,1.4572826858784538e-06,0.0,0.0
