parameter,index,status,h,analytic,central_difference,abs_err,rel_err,loss_difference,noise_floor
K_retained,3305,ok,1e-06,-1.617724591439001e-05,-1.617728173641808e-05,3.5822028069537604e-11,2.214341609004406e-06,-3.235456347283616e-11,2.663843391253838e-15
K_retained,988,ok,1e-06,-3.204403462513355e-05,-3.2044034092848506e-05,5.322850450337202e-13,1.6611049766437304e-08,-6.408806818569701e-11,2.663843391282023e-15
K_retained,1722,ok,1e-06,-1.2118931408931586e-06,-1.2118084313783584e-06,8.47095148002816e-11,6.990338786794022e-05,-2.4236168627567167e-12,2.663843391227254e-15
K_retained,3822,ok,1e-06,-1.7860080901212027e-07,-1.7852386235972517e-07,7.69466523950965e-11,0.0004310160634999548,-3.5704772471945034e-13,2.6638433912254186e-15
K_omitted,1583,ok,0.0001,1.5931690479623815e-11,1.6653345369377348e-11,7.216548897535335e-13,0.043333929234454796,3.3306690738754696e-15,2.6638433912251042e-15
K_omitted,1263,ok,1e-06,2.4051375420359076e-07,2.405853294362714e-07,7.157523268066109e-11,0.00029750456043339346,4.811706588725428e-13,2.6638433912255286e-15
K_omitted,3899,ok,1e-06,3.4921628570569785e-08,3.497202527569243e-08,5.0396705122646334e-11,0.0014410576661019099,6.994405055138486e-14,2.6638433912251634e-15
K_omitted,4406,ok,0.001,8.715432684656672e-12,8.770761894538737e-12,5.532920988206452e-14,0.006308369848292904,1.7541523789077473e-14,2.663843391225117e-15
x_retained,3305,ok,1e-06,-8.567010334253848e-06,-8.566924947217558e-06,8.538703629011222e-11,9.967057820186108e-06,-1.7133849894435116e-11,2.6638433912403194e-15
x_retained,988,ok,1e-06,-3.606653379396441e-05,-3.606648313336791e-05,5.066059649962238e-11,1.4046447587442292e-06,-7.213296626673582e-11,2.663843391289168e-15
x_retained,1722,ok,1e-06,-2.265784542277773e-06,-2.2657431486550195e-06,4.1393622753568035e-11,1.8269335947519e-05,-4.531486297310039e-12,2.6638433912291262e-15
x_retained,3822,ok,1e-06,-8.825958956139533e-08,-8.837375276016246e-08,1.1416319876712631e-10,0.0012918224608719948,-1.7674750552032492e-13,2.6638433912252585e-15
x_omitted,1583,ok,0.0001,-1.5933080320409316e-11,-1.6653345369377348e-11,7.202650489680321e-13,0.043250472081872285,-3.3306690738754696e-15,2.6638433912251042e-15
x_omitted,1263,ok,1e-06,-2.601461537974343e-07,-2.601252546696742e-07,2.089912776009856e-11,8.034255569163317e-05,-5.202505093393484e-13,2.6638433912255634e-15
x_omitted,3899,ok,1e-06,-4.3473610225632535e-08,-4.3520742565306136e-08,4.713233967360167e-11,0.0010829856499547557,-8.704148513061227e-14,2.6638433912251788e-15
x_omitted,4406,ok,0.001,-8.715445218466798e-12,-8.770761894538737e-12,5.531667607193834e-14,0.00630694080366977,-1.7541523789077473e-14,2.663843391225117e-15
M,-1,ok,1e-06,0.0018778043863571382,0.0018778044674760963,8.111895812186465e-11,4.3198831149280595e-08,3.755608934952193e-09,
