method,R,B,focal_rel_err_p90,grad_rel_err_p90,n
bins,25,1,9.271237218401037e-05,3.7419406186020936,234
bins,25,5,9.029172116994473e-05,0.5513268577929621,234
bins,25,10,4.890990353969846e-05,0.31968642219517573,234
bins,25,25,1.395238989735129e-05,0.05658604669071881,234
bins,25,50,5.383592611925159e-06,0.015384705279108882,234
bins,25,100,2.487309943778866e-06,0.005987464937220788,234
bins,25,200,6.846086863587308e-07,0.002035387482120381,234
bins,50,1,1.7515348491067703e-05,1.920708263930266,234
bins,50,5,8.589460993777626e-06,0.20078583520938473,234
bins,50,10,5.780035463789819e-06,0.09390964642431776,234
bins,50,25,3.546045284874369e-06,0.02226589024550594,234
bins,50,50,1.6551872607938677e-06,0.007772497315727764,234
bins,50,100,6.507391120291062e-07,0.001941399993833099,234
bins,50,200,1.881389363571602e-07,0.0005469952851702634,234
bins,100,1,3.3430454458858487e-06,1.7212621582265126,234
bins,100,5,7.095176718554889e-07,0.10689972644288814,234
bins,100,10,6.535785970430326e-07,0.039437317780401264,234
bins,100,25,3.66134130272122e-07,0.010784717377132842,234
bins,100,50,9.704855001276065e-08,0.002775929074527001,234
bins,100,100,3.940510878959703e-08,0.0007826334953090458,234
bins,100,200,1.7851474509447157e-08,0.00021125242069647073,234
bins,200,1,3.395995985289386e-07,1.1458294156480469,234
bins,200,5,6.836551153448755e-08,0.04602709355345882,234
bins,200,10,3.654012320642096e-08,0.024086501170582742,234
bins,200,25,2.579567493818226e-08,0.0037199740979121216,234
bins,200,50,1.2150557982886534e-08,0.0006858493904666744,234
bins,200,100,5.301773324635598e-09,0.0002240944912511637,234
bins,200,200,1.6325609769889507e-09,6.0049990048777526e-05,234
bins,500,1,1.8144089309592943e-08,0.2099117499352799,234
bins,500,5,2.6720545656726352e-09,0.021338442434100702,234
bins,500,10,1.1286629694858038e-09,0.005580300475755321,234
bins,500,25,4.2111957389757236e-10,0.0008805851898795646,234
bins,500,50,1.2061537171049078e-10,0.00024139601882549507,234
bins,500,100,5.2524765395718915e-11,7.958864361485096e-05,228
bins,500,200,1.7714719934556562e-11,2.6156377811256566e-05,228
linear,25,0,9.57405210010862e-05,106855.35015771128,234
linear,50,0,3.19728143497075e-05,32549.134113766424,234
linear,100,0,6.045250358879189e-06,6644.343189530586,234
linear,200,0,5.101381717261834e-07,1465.0346377209137,234
linear,500,0,4.8294838711974435e-08,119.50377070334677,234
truncate,25,0,0.00017037563163244194,0.9996121450504061,234
truncate,50,0,9.047989927533372e-05,0.9812883052988298,234
truncate,100,0,3.1789599222732886e-05,0.6320375520732553,234
truncate,200,0,3.2508822885783577e-06,0.5247531532431241,234
truncate,500,0,1.881051200603623e-07,0.3644048303209346,234
